<?xml version="1.0" encoding="utf-8"?><feed xmlns="http://www.w3.org/2005/Atom" ><generator uri="https://jekyllrb.com/" version="4.3.3">Jekyll</generator><link href="http://localhost:4000/feed.xml" rel="self" type="application/atom+xml" /><link href="http://localhost:4000/" rel="alternate" type="text/html" /><updated>2024-11-04T13:34:39+01:00</updated><id>http://localhost:4000/feed.xml</id><title type="html">Développement Web et Mobile - Perfectionnement</title><subtitle>Apprendre à développer des application Web professionnel avec le tuteur ESSARRAJ Fouad</subtitle></feed>